[{
    "handleState": 4,
    "type": "押房贷",
    "serviceName": "李莉",
    "phone": "17065281956",
    "money": 8,
    "interestRate": 0.21,
    "customerName": "夏秀英",
    "order": 2,
    "id": "1ncrs2hmhmao00",
    "date": "2016-4-20 15:10:21"
}, {
    "handleState": 1,
    "type": "房乐贷",
    "serviceName": "李莉",
    "phone": "17256588003",
    "money": 8,
    "interestRate": 1.26,
    "customerName": "余洋",
    "order": 2,
    "id": "1ni0bloc9ngg00",
    "date": "2018-6-23 19:13:57"
}, {
    "handleState": 2,
    "type": "房乐贷",
    "serviceName": "张玲",
    "phone": "17466091206",
    "money": 8,
    "interestRate": 0.9,
    "customerName": "任杰",
    "order": 2,
    "id": "1nigqkjoxz4000",
    "date": "2017-2-6 0:14:51"
}, {
    "handleState": 1,
    "type": "押房贷",
    "serviceName": "李莉",
    "phone": "13542659884",
    "money": 1,
    "interestRate": 0.33,
    "customerName": "蒋秀兰",
    "order": 3,
    "id": "1nirz2h18dts00",
    "date": "2019-6-2 20:5:37"
}, {
    "handleState": 3,
    "type": "车乐贷",
    "serviceName": "李小冉",
    "phone": "17648468336",
    "money": 1,
    "interestRate": 1.7,
    "customerName": "汪艳",
    "order": 2,
    "id": "1nj31tuhxyqo00",
    "date": "2018-6-4 3:33:10"
}, {
    "handleState": 0,
    "type": "押房贷",
    "serviceName": "张玲",
    "phone": "15261141992",
    "money": 4,
    "interestRate": 0.342,
    "customerName": "傅洋",
    "order": 3,
    "id": "1njdyuo32pvk00",
    "date": "2018-8-3 14:2:0"
}, {
    "handleState": 1,
    "type": "房乐贷",
    "serviceName": "李莉",
    "phone": "15734718482",
    "money": 8,
    "interestRate": 1.74,
    "customerName": "汪勇",
    "order": 3,
    "id": "1njovvho7gxs00",
    "date": "2019-3-29 2:26:11"
}, {
    "handleState": 3,
    "type": "押房贷",
    "serviceName": "李小冉",
    "phone": "15871171225",
    "money": 14,
    "interestRate": 1.355,
    "customerName": "尹军",
    "order": 3,
    "id": "1njzvrl74myo00",
    "date": "2018-8-21 4:29:17"
}, {
    "handleState": 2,
    "type": "押房贷",
    "serviceName": "张玲",
    "phone": "15171686538",
    "money": 12,
    "interestRate": 0.65,
    "customerName": "龚刚",
    "order": 3,
    "id": "1nkavnoq1sxs00",
    "date": "2017-6-6 11:4:8"
}, {
    "handleState": 3,
    "type": "房乐贷",
    "serviceName": "李家豪",
    "phone": "13382421774",
    "money": 15,
    "interestRate": 0.8,
    "customerName": "薛勇",
    "order": 1,
    "id": "1nklsoib6k0000",
    "date": "2017-12-8 20:59:38"
}, {
    "handleState": 1,
    "type": "房乐贷",
    "serviceName": "李莉",
    "phone": "17571056864",
    "money": 16,
    "interestRate": 1.7,
    "customerName": "梁秀兰",
    "order": 3,
    "id": "1nkwsklu3q0w00",
    "date": "2019-4-29 21:38:10"
}, {
    "handleState": 2,
    "type": "押房贷",
    "serviceName": "李大维",
    "phone": "17335013308",
    "money": 5,
    "interestRate": 2.7,
    "customerName": "魏伟",
    "order": 2,
    "id": "1nl7sgpd0w0w00",
    "date": "2016-5-29 5:0:35"
}, {
    "handleState": 1,
    "type": "房乐贷",
    "serviceName": "李小冉",
    "phone": "19563143451",
    "money": 18,
    "interestRate": 2.28,
    "customerName": "郭娟",
    "order": 2,
    "id": "1nliscsvy21s00",
    "date": "2016-5-22 20:11:31"
}, {
    "handleState": 4,
    "type": "房乐贷",
    "serviceName": "张玲",
    "phone": "17237856928",
    "money": 19,
    "interestRate": 1.8,
    "customerName": "钱勇",
    "order": 2,
    "id": "1nlts8wev81s00",
    "date": "2016-11-23 2:34:39"
}, {
    "handleState": 3,
    "type": "房乐贷",
    "serviceName": "李莉",
    "phone": "15156414564",
    "money": 14,
    "interestRate": 0.497,
    "customerName": "乔杰",
    "order": 1,
    "id": "1nm4s4zxse1s00",
    "date": "2017-6-3 16:34:34"
}, {
    "handleState": 1,
    "type": "信用贷",
    "serviceName": "张玲",
    "phone": "17844075611",
    "money": 4,
    "interestRate": 2.286,
    "customerName": "江芳",
    "order": 2,
    "id": "1nmfp5tix54w00",
    "date": "2019-1-2 7:45:5"
}, {
    "handleState": 3,
    "type": "押房贷",
    "serviceName": "李小冉",
    "phone": "13757367364",
    "money": 9,
    "interestRate": 2.413,
    "customerName": "魏平",
    "order": 3,
    "id": "1nmqm6n41w8000",
    "date": "2017-4-27 21:47:28"
}, {
    "handleState": 1,
    "type": "车乐贷",
    "serviceName": "张玲",
    "phone": "17476735146",
    "money": 5,
    "interestRate": 1.37,
    "customerName": "黎艳",
    "order": 2,
    "id": "1nn1m2qmz28000",
    "date": "2016-6-16 17:19:42"
}, {
    "handleState": 1,
    "type": "押房贷",
    "serviceName": "李莉",
    "phone": "17582072486",
    "money": 10,
    "interestRate": 1.35,
    "customerName": "雷刚",
    "order": 2,
    "id": "1nnclyu5w88000",
    "date": "2018-8-31 19:37:37"
}, {
    "handleState": 1,
    "type": "车乐贷",
    "serviceName": "李家豪",
    "phone": "19946717334",
    "money": 10,
    "interestRate": 2.485,
    "customerName": "蔡丽",
    "order": 1,
    "id": "1nnnluxote8000",
    "date": "2017-7-5 10:55:10"
}, {
    "handleState": 2,
    "type": "押房贷",
    "serviceName": "李莉",
    "phone": "15113063531",
    "money": 12,
    "interestRate": 0.733,
    "customerName": "顾秀兰",
    "order": 2,
    "id": "1nnyivr9y5c000",
    "date": "2019-5-31 8:53:8"
}, {
    "handleState": 4,
    "type": "房乐贷",
    "serviceName": "李家豪",
    "phone": "19874153562",
    "money": 10,
    "interestRate": 0.22,
    "customerName": "余磊",
    "order": 2,
    "id": "1no9d1axahhc00",
    "date": "2018-7-3 22:9:21"
}, {
    "handleState": 0,
    "type": "押房贷",
    "serviceName": "李家豪",
    "phone": "15714583586",
    "money": 3,
    "interestRate": 0.5,
    "customerName": "孙娟",
    "order": 2,
    "id": "1noka24if8kg00",
    "date": "2016-4-18 2:12:15"
}, {
    "handleState": 2,
    "type": "车乐贷",
    "serviceName": "张玲",
    "phone": "17277754269",
    "money": 10,
    "interestRate": 2.9,
    "customerName": "雷明",
    "order": 3,
    "id": "1nov9y81cekg00",
    "date": "2017-12-7 2:24:41"
}, {
    "handleState": 2,
    "type": "房乐贷",
    "serviceName": "李小冉",
    "phone": "17871314852",
    "money": 19,
    "interestRate": 0.31,
    "customerName": "郑超",
    "order": 3,
    "id": "1np69ubk9klc00",
    "date": "2017-12-19 6:39:25"
}, {
    "handleState": 0,
    "type": "房乐贷",
    "serviceName": "李小冉",
    "phone": "17739571917",
    "money": 17,
    "interestRate": 1.48,
    "customerName": "侯勇",
    "order": 1,
    "id": "1nph9qf36qlc00",
    "date": "2018-8-19 20:8:17"
}, {
    "handleState": 2,
    "type": "房乐贷",
    "serviceName": "李大维",
    "phone": "19828453870",
    "money": 5,
    "interestRate": 2.37,
    "customerName": "魏秀英",
    "order": 2,
    "id": "1nps9mim3wlc00",
    "date": "2018-9-6 9:2:49"
}, {
    "handleState": 2,
    "type": "车乐贷",
    "serviceName": "李家豪",
    "phone": "17363983871",
    "money": 15,
    "interestRate": 2.8,
    "customerName": "常刚",
    "order": 2,
    "id": "1nq36nc78npc00",
    "date": "2018-8-14 15:18:41"
}, {
    "handleState": 3,
    "type": "押房贷",
    "serviceName": "李小冉",
    "phone": "15157554468",
    "money": 16,
    "interestRate": 2.03,
    "customerName": "傅磊",
    "order": 1,
    "id": "1nqe6jfq5tog00",
    "date": "2017-1-15 13:11:40"
}, {
    "handleState": 1,
    "type": "房乐贷",
    "serviceName": "李大维",
    "phone": "15729022779",
    "money": 4,
    "interestRate": 0.926,
    "customerName": "汪超",
    "order": 2,
    "id": "1nqp6fj92zpc00",
    "date": "2018-1-24 1:30:12"
}, {
    "handleState": 2,
    "type": "押房贷",
    "serviceName": "李家豪",
    "phone": "17863289133",
    "money": 3,
    "interestRate": 1.943,
    "customerName": "秦军",
    "order": 2,
    "id": "1nr06bms05nk00",
    "date": "2018-11-24 12:7:15"
}, {
    "handleState": 2,
    "type": "车乐贷",
    "serviceName": "李小冉",
    "phone": "13416075503",
    "money": 7,
    "interestRate": 0.5,
    "customerName": "常涛",
    "order": 3,
    "id": "1nrb67qaxbpc00",
    "date": "2018-10-7 5:9:29"
}, {
    "handleState": 4,
    "type": "押房贷",
    "serviceName": "李莉",
    "phone": "13682687431",
    "money": 7,
    "interestRate": 2.8,
    "customerName": "谭磊",
    "order": 2,
    "id": "1nrm63ttuhpc00",
    "date": "2017-2-4 22:11:2"
}, {
    "handleState": 3,
    "type": "押房贷",
    "serviceName": "李小冉",
    "phone": "17164747840",
    "money": 6,
    "interestRate": 2.6,
    "customerName": "方刚",
    "order": 3,
    "id": "1nrx34nez8tc00",
    "date": "2018-8-30 20:15:47"
}, {
    "handleState": 0,
    "type": "押房贷",
    "serviceName": "李莉",
    "phone": "13711646234",
    "money": 18,
    "interestRate": 2.94,
    "customerName": "吕刚",
    "order": 2,
    "id": "1ns830qxwesg00",
    "date": "2017-7-16 19:35:8"
}, {
    "handleState": 2,
    "type": "押房贷",
    "serviceName": "李莉",
    "phone": "15367413211",
    "money": 1,
    "interestRate": 1.134,
    "customerName": "汤勇",
    "order": 3,
    "id": "1nsj2wugtksg00",
    "date": "2018-10-29 2:56:22"
}, {
    "handleState": 2,
    "type": "房乐贷",
    "serviceName": "张玲",
    "phone": "13306112112",
    "money": 3,
    "interestRate": 1.7,
    "customerName": "邓娟",
    "order": 2,
    "id": "1nsu2sxzqqsg00",
    "date": "2017-3-13 17:34:39"
}, {
    "handleState": 1,
    "type": "信用贷",
    "serviceName": "张玲",
    "phone": "13518857468",
    "money": 9,
    "interestRate": 1.985,
    "customerName": "乔娜",
    "order": 3,
    "id": "1nt52p1inwsg00",
    "date": "2017-5-5 9:44:40"
}, {
    "handleState": 1,
    "type": "押房贷",
    "serviceName": "李莉",
    "phone": "17478583513",
    "money": 14,
    "interestRate": 0.2,
    "customerName": "曾静",
    "order": 1,
    "id": "1ntfzpv3snvk00",
    "date": "2016-8-24 19:15:34"
}, {
    "handleState": 2,
    "type": "信用贷",
    "serviceName": "李小冉",
    "phone": "15424110681",
    "money": 15,
    "interestRate": 2.177,
    "customerName": "武超",
    "order": 3,
    "id": "1ntqzlymptvk00",
    "date": "2018-11-13 12:2:26"
}, {
    "handleState": 1,
    "type": "车乐贷",
    "serviceName": "张玲",
    "phone": "17342192778",
    "money": 8,
    "interestRate": 2.18,
    "customerName": "邱丽",
    "order": 2,
    "id": "1nu1zi25mzwg00",
    "date": "2016-10-18 23:3:3"
}, {
    "handleState": 1,
    "type": "房乐贷",
    "serviceName": "张玲",
    "phone": "17456799188",
    "money": 11,
    "interestRate": 1.25,
    "customerName": "崔军",
    "order": 2,
    "id": "1nucze5ok5uo00",
    "date": "2019-1-15 3:13:56"
}, {
    "handleState": 2,
    "type": "房乐贷",
    "serviceName": "李莉",
    "phone": "17332756158",
    "money": 7,
    "interestRate": 1.32,
    "customerName": "康秀英",
    "order": 2,
    "id": "1nunza97hbwg00",
    "date": "2016-12-26 10:28:1"
}, {
    "handleState": 3,
    "type": "信用贷",
    "serviceName": "李小冉",
    "phone": "15203122408",
    "money": 2,
    "interestRate": 1.37,
    "customerName": "林秀兰",
    "order": 3,
    "id": "1nuyz6cqehwg00",
    "date": "2017-2-23 23:21:46"
}, {
    "handleState": 1,
    "type": "房乐贷",
    "serviceName": "李大维",
    "phone": "17919528423",
    "money": 17,
    "interestRate": 0.78,
    "customerName": "黎平",
    "order": 2,
    "id": "1nv9z2g9bnwg00",
    "date": "2017-2-7 5:25:28"
}, {
    "handleState": 1,
    "type": "房乐贷",
    "serviceName": "张玲",
    "phone": "13701218882",
    "money": 10,
    "interestRate": 2.34,
    "customerName": "叶超",
    "order": 1,
    "id": "1nvkw39ugf0g00",
    "date": "2019-3-29 15:34:5"
}, {
    "handleState": 2,
    "type": "房乐贷",
    "serviceName": "李莉",
    "phone": "19044388548",
    "money": 16,
    "interestRate": 1.364,
    "customerName": "孙军",
    "order": 1,
    "id": "1nvvvzdddl0g00",
    "date": "2017-10-16 22:55:42"
}, {
    "handleState": 4,
    "type": "房乐贷",
    "serviceName": "李大维",
    "phone": "15375572845",
    "money": 14,
    "interestRate": 1.765,
    "customerName": "黄芳",
    "order": 3,
    "id": "1nw6vvgwaqzk00",
    "date": "2018-1-1 21:33:43"
}, {
    "handleState": 2,
    "type": "信用贷",
    "serviceName": "李小冉",
    "phone": "19627232775",
    "money": 16,
    "interestRate": 1.8,
    "customerName": "尹磊",
    "order": 2,
    "id": "1nwhswahfi2o00",
    "date": "2018-6-10 3:37:55"
}, {
    "handleState": 3,
    "type": "押房贷",
    "serviceName": "张玲",
    "phone": "13272531300",
    "money": 17,
    "interestRate": 1.5,
    "customerName": "方娟",
    "order": 3,
    "id": "1nwssse0co2o00",
    "date": "2017-3-31 22:20:32"
}, {
    "handleState": 0,
    "type": "押房贷",
    "serviceName": "李小冉",
    "phone": "17964582184",
    "money": 2,
    "interestRate": 2.832,
    "customerName": "曾芳",
    "order": 1,
    "id": "1nx3sohj9u2o00",
    "date": "2018-4-4 22:7:36"
}, {
    "handleState": 3,
    "type": "房乐贷",
    "serviceName": "张玲",
    "phone": "19685254461",
    "money": 12,
    "interestRate": 1.761,
    "customerName": "傅刚",
    "order": 3,
    "id": "1nxeppb4el6o00",
    "date": "2018-8-31 8:2:30"
}, {
    "handleState": 1,
    "type": "押房贷",
    "serviceName": "李小冉",
    "phone": "13770460221",
    "money": 4,
    "interestRate": 2.3,
    "customerName": "郭伟",
    "order": 2,
    "id": "1nxpplenbr7k00",
    "date": "2018-8-9 20:42:31"
}, {
    "handleState": 3,
    "type": "押房贷",
    "serviceName": "李大维",
    "phone": "15515960579",
    "money": 14,
    "interestRate": 1.86,
    "customerName": "龚丽",
    "order": 2,
    "id": "1ny0mm88gi9s00",
    "date": "2017-10-25 17:58:21"
}, {
    "handleState": 2,
    "type": "押房贷",
    "serviceName": "李小冉",
    "phone": "15267373254",
    "money": 4,
    "interestRate": 2.19,
    "customerName": "魏刚",
    "order": 2,
    "id": "1nybmibrdo9s00",
    "date": "2019-3-18 12:46:0"
}, {
    "handleState": 2,
    "type": "信用贷",
    "serviceName": "张玲",
    "phone": "17322217536",
    "money": 8,
    "interestRate": 1.495,
    "customerName": "廖杰",
    "order": 3,
    "id": "1nymmefaauao00",
    "date": "2018-1-7 11:56:35"
}, {
    "handleState": 2,
    "type": "押房贷",
    "serviceName": "李小冉",
    "phone": "13067421056",
    "money": 12,
    "interestRate": 0.12,
    "customerName": "郝杰",
    "order": 1,
    "id": "1nyxjf8vflc000",
    "date": "2018-1-8 2:34:50"
}, {
    "handleState": 1,
    "type": "押房贷",
    "serviceName": "李莉",
    "phone": "17587981854",
    "money": 17,
    "interestRate": 1.7,
    "customerName": "曹艳",
    "order": 2,
    "id": "1nz8gg2gkcgw00",
    "date": "2017-11-22 2:43:34"
}, {
    "handleState": 1,
    "type": "信用贷",
    "serviceName": "李小冉",
    "phone": "17272736466",
    "money": 10,
    "interestRate": 0.245,
    "customerName": "贺丽",
    "order": 2,
    "id": "1nzjgc5zhig000",
    "date": "2017-11-29 5:35:58"
}, {
    "handleState": 2,
    "type": "房乐贷",
    "serviceName": "李家豪",
    "phone": "15611146689",
    "money": 14,
    "interestRate": 1.34,
    "customerName": "汪静",
    "order": 2,
    "id": "1nzug89ieohs00",
    "date": "2018-11-6 6:42:28"
}, {
    "handleState": 0,
    "type": "车乐贷",
    "serviceName": "李小冉",
    "phone": "19289414638",
    "money": 12,
    "interestRate": 2.83,
    "customerName": "沈洋",
    "order": 3,
    "id": "1o05g4d1bugw00",
    "date": "2018-4-8 15:9:59"
}, {
    "handleState": 3,
    "type": "房乐贷",
    "serviceName": "李小冉",
    "phone": "13977336084",
    "money": 11,
    "interestRate": 1.12,
    "customerName": "冯艳",
    "order": 1,
    "id": "1o0gd56mglk000",
    "date": "2017-5-8 18:33:51"
}, {
    "handleState": 1,
    "type": "押房贷",
    "serviceName": "李大维",
    "phone": "15025360157",
    "money": 6,
    "interestRate": 1.382,
    "customerName": "薛静",
    "order": 2,
    "id": "1o0ra607lcn400",
    "date": "2016-9-22 22:40:8"
}, {
    "handleState": 4,
    "type": "押房贷",
    "serviceName": "李小冉",
    "phone": "17355154034",
    "money": 9,
    "interestRate": 1.5,
    "customerName": "冯涛",
    "order": 1,
    "id": "1o12a23qiin400",
    "date": "2017-1-1 12:18:51"
}, {
    "handleState": 4,
    "type": "押房贷",
    "serviceName": "张玲",
    "phone": "17895664865",
    "money": 1,
    "interestRate": 0.8,
    "customerName": "傅艳",
    "order": 2,
    "id": "1o1d72xbn9q800",
    "date": "2017-5-11 22:7:38"
}, {
    "handleState": 3,
    "type": "押房贷",
    "serviceName": "李莉",
    "phone": "17487537812",
    "money": 8,
    "interestRate": 1.34,
    "customerName": "龙军",
    "order": 2,
    "id": "1o1o6z0ukfq800",
    "date": "2018-7-6 10:39:0"
}, {
    "handleState": 1,
    "type": "信用贷",
    "serviceName": "李小冉",
    "phone": "15778488247",
    "money": 6,
    "interestRate": 2.64,
    "customerName": "赵静",
    "order": 1,
    "id": "1o1z3zufp6tc00",
    "date": "2016-12-22 0:35:26"
}, {
    "handleState": 4,
    "type": "车乐贷",
    "serviceName": "李莉",
    "phone": "19268753742",
    "money": 19,
    "interestRate": 1.6,
    "customerName": "蔡芳",
    "order": 1,
    "id": "1o2a3vxymcu800",
    "date": "2017-11-19 3:11:44"
}, {
    "handleState": 2,
    "type": "押房贷",
    "serviceName": "张玲",
    "phone": "19667544017",
    "money": 4,
    "interestRate": 2.218,
    "customerName": "尹洋",
    "order": 2,
    "id": "1o2l3s1hjiu800",
    "date": "2018-11-27 3:58:25"
}, {
    "handleState": 3,
    "type": "车乐贷",
    "serviceName": "李莉",
    "phone": "17274824937",
    "money": 17,
    "interestRate": 0.36,
    "customerName": "罗芳",
    "order": 2,
    "id": "1o2w3o50gou800",
    "date": "2019-3-2 8:41:10"
}, {
    "handleState": 3,
    "type": "押房贷",
    "serviceName": "李小冉",
    "phone": "13474352112",
    "money": 2,
    "interestRate": 2.34,
    "customerName": "汤娜",
    "order": 2,
    "id": "1o370oyllfy800",
    "date": "2018-4-6 13:56:5"
}, {
    "handleState": 3,
    "type": "押房贷",
    "serviceName": "李小冉",
    "phone": "15161484968",
    "money": 3,
    "interestRate": 0.76,
    "customerName": "冯霞",
    "order": 2,
    "id": "1o3hxps6q70g00",
    "date": "2018-11-8 0:18:18"
}, {
    "handleState": 1,
    "type": "信用贷",
    "serviceName": "李家豪",
    "phone": "15588715622",
    "money": 10,
    "interestRate": 2.43,
    "customerName": "曾秀兰",
    "order": 2,
    "id": "1o3sxlvpnd0g00",
    "date": "2018-3-16 19:33:0"
}, {
    "handleState": 4,
    "type": "房乐贷",
    "serviceName": "李大维",
    "phone": "19278766693",
    "money": 14,
    "interestRate": 1.777,
    "customerName": "杨磊",
    "order": 2,
    "id": "1o43xhz8kj1c00",
    "date": "2016-12-19 4:8:1"
}, {
    "handleState": 0,
    "type": "信用贷",
    "serviceName": "李家豪",
    "phone": "17253568558",
    "money": 2,
    "interestRate": 2.27,
    "customerName": "钱霞",
    "order": 2,
    "id": "1o4exe2rhozk00",
    "date": "2018-4-13 21:46:47"
}, {
    "handleState": 0,
    "type": "房乐贷",
    "serviceName": "张玲",
    "phone": "19076895972",
    "money": 5,
    "interestRate": 1.07,
    "customerName": "宋勇",
    "order": 1,
    "id": "1o4pxa6aev1c00",
    "date": "2017-9-13 23:57:37"
}, {
    "handleState": 0,
    "type": "押房贷",
    "serviceName": "李小冉",
    "phone": "15170546049",
    "money": 11,
    "interestRate": 0.4,
    "customerName": "尹丽",
    "order": 2,
    "id": "1o50x69tc11c00",
    "date": "2018-4-18 22:13:48"
}, {
    "handleState": 3,
    "type": "车乐贷",
    "serviceName": "李大维",
    "phone": "17563632930",
    "money": 6,
    "interestRate": 1.53,
    "customerName": "胡平",
    "order": 2,
    "id": "1o5bx2dc971c00",
    "date": "2019-2-4 6:30:23"
}, {
    "handleState": 3,
    "type": "车乐贷",
    "serviceName": "李莉",
    "phone": "17343504843",
    "money": 3,
    "interestRate": 1.327,
    "customerName": "石丽",
    "order": 1,
    "id": "1o5mu36xdy3k00",
    "date": "2016-7-17 23:12:13"
}, {
    "handleState": 4,
    "type": "信用贷",
    "serviceName": "李小冉",
    "phone": "15461821343",
    "money": 15,
    "interestRate": 1.6,
    "customerName": "张超",
    "order": 2,
    "id": "1o5xtzagb44g00",
    "date": "2018-1-9 22:45:8"
}, {
    "handleState": 1,
    "type": "押房贷",
    "serviceName": "李莉",
    "phone": "17842127055",
    "money": 10,
    "interestRate": 1.504,
    "customerName": "侯军",
    "order": 3,
    "id": "1o68r041fv7k00",
    "date": "2017-1-28 20:14:40"
}, {
    "handleState": 4,
    "type": "车乐贷",
    "serviceName": "李莉",
    "phone": "17239125788",
    "money": 8,
    "interestRate": 2.881,
    "customerName": "贾娜",
    "order": 1,
    "id": "1o6jqw7kd18g00",
    "date": "2017-9-2 4:34:3"
}, {
    "handleState": 0,
    "type": "押房贷",
    "serviceName": "李小冉",
    "phone": "17243845938",
    "money": 8,
    "interestRate": 2.95,
    "customerName": "余艳",
    "order": 2,
    "id": "1o6unx15hsao00",
    "date": "2018-6-17 19:45:14"
}, {
    "handleState": 4,
    "type": "房乐贷",
    "serviceName": "李家豪",
    "phone": "17671067686",
    "money": 15,
    "interestRate": 1.13,
    "customerName": "陈霞",
    "order": 2,
    "id": "1o75nt4oeybk00",
    "date": "2017-8-26 21:3:44"
}, {
    "handleState": 3,
    "type": "车乐贷",
    "serviceName": "李莉",
    "phone": "13157576542",
    "money": 7,
    "interestRate": 1.86,
    "customerName": "沈涛",
    "order": 3,
    "id": "1o7gnp87c49s00",
    "date": "2017-9-2 23:3:11"
}, {
    "handleState": 3,
    "type": "信用贷",
    "serviceName": "李小冉",
    "phone": "19158725932",
    "money": 10,
    "interestRate": 2.826,
    "customerName": "孔军",
    "order": 2,
    "id": "1o7rkq1sgvfk00",
    "date": "2017-9-18 9:41:38"
}, {
    "handleState": 4,
    "type": "房乐贷",
    "serviceName": "张玲",
    "phone": "17412415710",
    "money": 14,
    "interestRate": 1.576,
    "customerName": "乔刚",
    "order": 2,
    "id": "1o82km5be1ds00",
    "date": "2019-5-24 13:22:1"
}, {
    "handleState": 0,
    "type": "押房贷",
    "serviceName": "李家豪",
    "phone": "19417017331",
    "money": 10,
    "interestRate": 1.22,
    "customerName": "曾刚",
    "order": 3,
    "id": "1o8deroyqdls00",
    "date": "2018-8-21 23:14:9"
}, {
    "handleState": 2,
    "type": "押房贷",
    "serviceName": "李大维",
    "phone": "17252857572",
    "money": 16,
    "interestRate": 1.82,
    "customerName": "孔秀英",
    "order": 2,
    "id": "1o8oenshnjls00",
    "date": "2016-12-24 0:43:19"
}, {
    "handleState": 2,
    "type": "房乐贷",
    "serviceName": "李莉",
    "phone": "13685857619",
    "money": 14,
    "interestRate": 1.298,
    "customerName": "孔涛",
    "order": 1,
    "id": "1o8zejw0kpkw00",
    "date": "2019-3-13 17:12:49"
}, {
    "handleState": 1,
    "type": "信用贷",
    "serviceName": "李小冉",
    "phone": "17865459401",
    "money": 10,
    "interestRate": 1.16,
    "customerName": "王强",
    "order": 2,
    "id": "1o9aefzjhvkw00",
    "date": "2016-12-26 3:31:11"
}, {
    "handleState": 4,
    "type": "押房贷",
    "serviceName": "张玲",
    "phone": "17070693187",
    "money": 12,
    "interestRate": 1.85,
    "customerName": "卢敏",
    "order": 3,
    "id": "1o9lec32f1ls00",
    "date": "2018-10-3 0:30:56"
}, {
    "handleState": 2,
    "type": "房乐贷",
    "serviceName": "张玲",
    "phone": "19138584718",
    "money": 11,
    "interestRate": 1.08,
    "customerName": "孟洋",
    "order": 1,
    "id": "1o9we86lc7ls00",
    "date": "2017-9-15 18:52:37"
}, {
    "handleState": 2,
    "type": "房乐贷",
    "serviceName": "李家豪",
    "phone": "13443027705",
    "money": 3,
    "interestRate": 1.97,
    "customerName": "阎桂英",
    "order": 2,
    "id": "1oa7e4a49dkw00",
    "date": "2018-7-19 10:30:56"
}, {
    "handleState": 1,
    "type": "房乐贷",
    "serviceName": "李家豪",
    "phone": "15898987670",
    "money": 6,
    "interestRate": 1.705,
    "customerName": "黄静",
    "order": 2,
    "id": "1oaie0dn6jls00",
    "date": "2018-6-26 12:53:36"
}, {
    "handleState": 3,
    "type": "押房贷",
    "serviceName": "张玲",
    "phone": "13214678413",
    "money": 9,
    "interestRate": 1.19,
    "customerName": "金静",
    "order": 2,
    "id": "1oatdwh63pmo00",
    "date": "2018-1-7 19:41:13"
}, {
    "handleState": 4,
    "type": "车乐贷",
    "serviceName": "李大维",
    "phone": "15882312214",
    "money": 6,
    "interestRate": 0.689,
    "customerName": "黎丽",
    "order": 3,
    "id": "1ob4axar8gow00",
    "date": "2016-4-30 10:12:42"
}, {
    "handleState": 2,
    "type": "车乐贷",
    "serviceName": "李莉",
    "phone": "17761433282",
    "money": 15,
    "interestRate": 2.38,
    "customerName": "吴敏",
    "order": 2,
    "id": "1obfatea5mow00",
    "date": "2017-5-1 10:50:43"
}, {
    "handleState": 2,
    "type": "房乐贷",
    "serviceName": "李莉",
    "phone": "19614886426",
    "money": 1,
    "interestRate": 1.725,
    "customerName": "于涛",
    "order": 3,
    "id": "1obq7u7vadsw00",
    "date": "2018-3-23 22:24:8"
}, {
    "handleState": 3,
    "type": "房乐贷",
    "serviceName": "李小冉",
    "phone": "17373335466",
    "money": 5,
    "interestRate": 1.382,
    "customerName": "邓芳",
    "order": 1,
    "id": "1oc17qbe7jsw00",
    "date": "2016-5-30 11:38:43"
}, {
    "handleState": 0,
    "type": "信用贷",
    "serviceName": "李家豪",
    "phone": "19776084326",
    "money": 15,
    "interestRate": 1.68,
    "customerName": "赖静",
    "order": 3,
    "id": "1occ7mex4ps000",
    "date": "2016-6-10 0:17:14"
}, {
    "handleState": 3,
    "type": "押房贷",
    "serviceName": "李小冉",
    "phone": "15912693483",
    "money": 4,
    "interestRate": 0.87,
    "customerName": "曹强",
    "order": 1,
    "id": "1ocn7iig1vsw00",
    "date": "2018-9-11 1:30:14"
}, {
    "handleState": 1,
    "type": "房乐贷",
    "serviceName": "张玲",
    "phone": "13321218801",
    "money": 18,
    "interestRate": 0.433,
    "customerName": "金平",
    "order": 3,
    "id": "1ocy7elyz1r400",
    "date": "2016-10-9 0:30:13"
}, {
    "handleState": 0,
    "type": "信用贷",
    "serviceName": "李小冉",
    "phone": "13767998178",
    "money": 16,
    "interestRate": 1.94,
    "customerName": "熊秀英",
    "order": 1,
    "id": "1od97aphw7sw00",
    "date": "2019-2-18 3:57:28"
}, {
    "handleState": 1,
    "type": "押房贷",
    "serviceName": "李大维",
    "phone": "15349470752",
    "money": 19,
    "interestRate": 0.42,
    "customerName": "曾洋",
    "order": 2,
    "id": "1odk76t0tdsw00",
    "date": "2018-12-7 13:58:49"
}, {
    "handleState": 2,
    "type": "信用贷",
    "serviceName": "张玲",
    "phone": "13659371251",
    "money": 4,
    "interestRate": 2.42,
    "customerName": "汤涛",
    "order": 2,
    "id": "1odv72wjqjsw00",
    "date": "2018-2-8 22:56:59"
}, {
    "handleState": 1,
    "type": "房乐贷",
    "serviceName": "张玲",
    "phone": "19504564428",
    "money": 13,
    "interestRate": 1.45,
    "customerName": "程刚",
    "order": 3,
    "id": "1oe643q4vaw000",
    "date": "2018-10-2 20:51:19"
}, {
    "handleState": 4,
    "type": "车乐贷",
    "serviceName": "李莉",
    "phone": "17822888867",
    "money": 19,
    "interestRate": 2.67,
    "customerName": "杨明",
    "order": 3,
    "id": "1oeh3ztnsgw000",
    "date": "2016-9-12 22:17:3"
}, {
    "handleState": 2,
    "type": "车乐贷",
    "serviceName": "李大维",
    "phone": "13927431108",
    "money": 12,
    "interestRate": 1.86,
    "customerName": "曾超",
    "order": 1,
    "id": "1oes3vx6pmw000",
    "date": "2019-2-22 15:41:59"
}, {
    "handleState": 2,
    "type": "车乐贷",
    "serviceName": "李莉",
    "phone": "17416434526",
    "money": 7,
    "interestRate": 1.46,
    "customerName": "彭平",
    "order": 2,
    "id": "1of33s0pmsww00",
    "date": "2018-9-17 22:56:20"
}, {
    "handleState": 4,
    "type": "押房贷",
    "serviceName": "张玲",
    "phone": "15125117155",
    "money": 8,
    "interestRate": 1.27,
    "customerName": "孔勇",
    "order": 2,
    "id": "1ofe3o48jyww00",
    "date": "2018-9-7 21:40:41"
}, {
    "handleState": 3,
    "type": "房乐贷",
    "serviceName": "李家豪",
    "phone": "17657829426",
    "money": 9,
    "interestRate": 1.4,
    "customerName": "金洋",
    "order": 2,
    "id": "1ofp0oxtoq0w00",
    "date": "2018-8-4 15:8:4"
}, {
    "handleState": 3,
    "type": "押房贷",
    "serviceName": "李小冉",
    "phone": "15838061749",
    "money": 2,
    "interestRate": 1.27,
    "customerName": "何芳",
    "order": 3,
    "id": "1ofzxpreth2800",
    "date": "2016-9-21 21:56:11"
}, {
    "handleState": 3,
    "type": "信用贷",
    "serviceName": "李大维",
    "phone": "15738261562",
    "money": 11,
    "interestRate": 1.33,
    "customerName": "田秀兰",
    "order": 3,
    "id": "1ogaxluxqn4000",
    "date": "2016-5-3 13:38:41"
}, {
    "handleState": 2,
    "type": "押房贷",
    "serviceName": "张玲",
    "phone": "13235287666",
    "money": 17,
    "interestRate": 0.244,
    "customerName": "郭刚",
    "order": 2,
    "id": "1oglumoive6800",
    "date": "2017-11-5 9:13:8"
}, {
    "handleState": 1,
    "type": "房乐贷",
    "serviceName": "李大维",
    "phone": "17964447467",
    "money": 13,
    "interestRate": 1.62,
    "customerName": "丁娟",
    "order": 2,
    "id": "1ogwuis1sk6800",
    "date": "2018-12-23 11:42:15"
}, {
    "handleState": 4,
    "type": "信用贷",
    "serviceName": "李小冉",
    "phone": "17598367385",
    "money": 13,
    "interestRate": 0.79,
    "customerName": "侯娟",
    "order": 2,
    "id": "1oh7uevkpq6800",
    "date": "2016-4-20 17:28:20"
}, {
    "handleState": 1,
    "type": "信用贷",
    "serviceName": "李莉",
    "phone": "19438499767",
    "money": 20,
    "interestRate": 1.16,
    "customerName": "彭娜",
    "order": 1,
    "id": "1ohiuaz3mw6800",
    "date": "2017-2-9 14:20:30"
}, {
    "handleState": 4,
    "type": "房乐贷",
    "serviceName": "李小冉",
    "phone": "13566041534",
    "money": 4,
    "interestRate": 1.62,
    "customerName": "赵涛",
    "order": 2,
    "id": "1ohtrbsorna800",
    "date": "2016-4-22 8:17:52"
}, {
    "handleState": 1,
    "type": "信用贷",
    "serviceName": "李家豪",
    "phone": "19692527148",
    "money": 14,
    "interestRate": 1.17,
    "customerName": "萧刚",
    "order": 3,
    "id": "1oi4r7w7ota800",
    "date": "2016-11-20 19:9:38"
}, {
    "handleState": 1,
    "type": "信用贷",
    "serviceName": "李小冉",
    "phone": "15816724814",
    "money": 12,
    "interestRate": 2.21,
    "customerName": "韩艳",
    "order": 1,
    "id": "1oifr3zqlza800",
    "date": "2019-1-14 20:36:8"
}, {
    "handleState": 2,
    "type": "押房贷",
    "serviceName": "张玲",
    "phone": "17681837130",
    "money": 5,
    "interestRate": 2.6,
    "customerName": "汪秀兰",
    "order": 1,
    "id": "1oiqr039j5a800",
    "date": "2016-9-19 2:13:33"
}, {
    "handleState": 3,
    "type": "车乐贷",
    "serviceName": "李家豪",
    "phone": "17563214032",
    "money": 1,
    "interestRate": 0.61,
    "customerName": "汤芳",
    "order": 2,
    "id": "1oj1qw6sgbb400",
    "date": "2018-4-24 22:15:54"
}, {
    "handleState": 2,
    "type": "房乐贷",
    "serviceName": "李小冉",
    "phone": "17177367795",
    "money": 14,
    "interestRate": 1.533,
    "customerName": "姚艳",
    "order": 1,
    "id": "1ojcqsabdha800",
    "date": "2016-7-22 10:42:54"
}, {
    "handleState": 2,
    "type": "车乐贷",
    "serviceName": "李小冉",
    "phone": "17242861928",
    "money": 18,
    "interestRate": 1.31,
    "customerName": "魏芳",
    "order": 3,
    "id": "1ojnqoduanb400",
    "date": "2017-5-7 15:4:8"
}, {
    "handleState": 2,
    "type": "押房贷",
    "serviceName": "张玲",
    "phone": "13338332976",
    "money": 18,
    "interestRate": 2.53,
    "customerName": "于霞",
    "order": 2,
    "id": "1ojynp7ffedc00",
    "date": "2018-11-13 9:18:50"
}, {
    "handleState": 3,
    "type": "房乐贷",
    "serviceName": "李大维",
    "phone": "19434337666",
    "money": 2,
    "interestRate": 2.61,
    "customerName": "孔桂英",
    "order": 2,
    "id": "1ok9nlaycke800",
    "date": "2017-8-8 9:9:12"
}, {
    "handleState": 4,
    "type": "押房贷",
    "serviceName": "李小冉",
    "phone": "17747381739",
    "money": 18,
    "interestRate": 1.625,
    "customerName": "梁洋",
    "order": 2,
    "id": "1okkkm4jhbhc00",
    "date": "2016-11-11 9:59:3"
}, {
    "handleState": 2,
    "type": "押房贷",
    "serviceName": "李莉",
    "phone": "17848267813",
    "money": 16,
    "interestRate": 1.12,
    "customerName": "孙丽",
    "order": 2,
    "id": "1okvki82ehfk00",
    "date": "2018-1-3 3:28:45"
}, {
    "handleState": 1,
    "type": "信用贷",
    "serviceName": "李大维",
    "phone": "17483583045",
    "money": 17,
    "interestRate": 1.952,
    "customerName": "卢超",
    "order": 3,
    "id": "1ol6hj1nj8kg00",
    "date": "2018-10-16 12:47:18"
}, {
    "handleState": 4,
    "type": "押房贷",
    "serviceName": "李莉",
    "phone": "19870925619",
    "money": 2,
    "interestRate": 1.38,
    "customerName": "侯涛",
    "order": 3,
    "id": "1olhhf56jg3k00",
    "date": "2016-10-28 16:53:55"
}, {
    "handleState": 4,
    "type": "房乐贷",
    "serviceName": "李家豪",
    "phone": "17692373856",
    "money": 2,
    "interestRate": 1.15,
    "customerName": "阎秀英",
    "order": 2,
    "id": "1olshb8pgm3k00",
    "date": "2019-5-14 7:13:30"
}, {
    "handleState": 0,
    "type": "车乐贷",
    "serviceName": "李小冉",
    "phone": "15543192367",
    "money": 3,
    "interestRate": 1.8,
    "customerName": "戴刚",
    "order": 2,
    "id": "1om3h7c8ds4g00",
    "date": "2016-10-27 14:29:20"
}, {
    "handleState": 1,
    "type": "车乐贷",
    "serviceName": "李小冉",
    "phone": "19622592933",
    "money": 8,
    "interestRate": 2.8,
    "customerName": "蒋静",
    "order": 2,
    "id": "1omeh3fray5c00",
    "date": "2018-2-25 11:57:8"
}, {
    "handleState": 0,
    "type": "押房贷",
    "serviceName": "李小冉",
    "phone": "19332715711",
    "money": 4,
    "interestRate": 1.54,
    "customerName": "金艳",
    "order": 3,
    "id": "1ompgzja845c00",
    "date": "2018-5-30 12:27:36"
}, {
    "handleState": 2,
    "type": "信用贷",
    "serviceName": "李小冉",
    "phone": "17865579451",
    "money": 18,
    "interestRate": 1.79,
    "customerName": "许军",
    "order": 2,
    "id": "1on0gvmt5a5c00",
    "date": "2016-12-5 4:34:40"
}, {
    "handleState": 1,
    "type": "房乐贷",
    "serviceName": "李大维",
    "phone": "15087359054",
    "money": 12,
    "interestRate": 0.08,
    "customerName": "段芳",
    "order": 1,
    "id": "1onbgrqc2g7400",
    "date": "2018-11-29 20:20:23"
}, {
    "handleState": 4,
    "type": "信用贷",
    "serviceName": "李小冉",
    "phone": "19155438065",
    "money": 19,
    "interestRate": 0.787,
    "customerName": "程勇",
    "order": 2,
    "id": "1onmgntuzm8000",
    "date": "2018-2-27 16:56:9"
}, {
    "handleState": 3,
    "type": "房乐贷",
    "serviceName": "李莉",
    "phone": "17037154881",
    "money": 5,
    "interestRate": 1.186,
    "customerName": "贺明",
    "order": 3,
    "id": "1onxgjxdws8w00",
    "date": "2018-12-6 21:59:25"
}, {
    "handleState": 2,
    "type": "房乐贷",
    "serviceName": "李大维",
    "phone": "15486007701",
    "money": 16,
    "interestRate": 2.77,
    "customerName": "苏强",
    "order": 2,
    "id": "1oo8gg0wty8w00",
    "date": "2018-6-24 18:23:51"
}, {
    "handleState": 3,
    "type": "房乐贷",
    "serviceName": "李小冉",
    "phone": "17142701197",
    "money": 2,
    "interestRate": 1.41,
    "customerName": "康平",
    "order": 1,
    "id": "1oojgc4fr49s00",
    "date": "2017-4-25 10:32:36"
}, {
    "handleState": 4,
    "type": "信用贷",
    "serviceName": "李小冉",
    "phone": "13961343627",
    "money": 16,
    "interestRate": 0.6,
    "customerName": "唐涛",
    "order": 2,
    "id": "1ooug87yoa9s00",
    "date": "2018-4-26 19:3:41"
}, {
    "handleState": 0,
    "type": "房乐贷",
    "serviceName": "李家豪",
    "phone": "15251131318",
    "money": 15,
    "interestRate": 1.286,
    "customerName": "萧桂英",
    "order": 1,
    "id": "1op5g4bhlgao00",
    "date": "2016-10-11 13:41:18"
}, {
    "handleState": 2,
    "type": "房乐贷",
    "serviceName": "李家豪",
    "phone": "17540563311",
    "money": 5,
    "interestRate": 0.76,
    "customerName": "段磊",
    "order": 2,
    "id": "1opgg0f0imcg00",
    "date": "2017-10-31 8:57:31"
}, {
    "handleState": 2,
    "type": "车乐贷",
    "serviceName": "李莉",
    "phone": "15705268526",
    "money": 12,
    "interestRate": 0.6,
    "customerName": "廖强",
    "order": 2,
    "id": "1oprfwijfsdc00",
    "date": "2017-2-20 3:10:57"
}, {
    "handleState": 2,
    "type": "车乐贷",
    "serviceName": "李小冉",
    "phone": "13276691382",
    "money": 16,
    "interestRate": 0.9,
    "customerName": "贺敏",
    "order": 3,
    "id": "1oq2fsm2cydc00",
    "date": "2016-7-21 22:14:26"
}, {
    "handleState": 2,
    "type": "车乐贷",
    "serviceName": "李小冉",
    "phone": "13467204750",
    "money": 10,
    "interestRate": 1.27,
    "customerName": "程秀英",
    "order": 1,
    "id": "1oqdfopla4dc00",
    "date": "2017-10-10 12:32:44"
}, {
    "handleState": 1,
    "type": "房乐贷",
    "serviceName": "李小冉",
    "phone": "15562438774",
    "money": 6,
    "interestRate": 1.46,
    "customerName": "邵芳",
    "order": 1,
    "id": "1oqofkt47ae800",
    "date": "2016-10-10 18:12:20"
}, {
    "handleState": 4,
    "type": "押房贷",
    "serviceName": "李大维",
    "phone": "13683385535",
    "money": 5,
    "interestRate": 1.55,
    "customerName": "武军",
    "order": 2,
    "id": "1oqzfgwn4gf400",
    "date": "2016-6-10 6:23:30"
}, {
    "handleState": 3,
    "type": "车乐贷",
    "serviceName": "李小冉",
    "phone": "15334765732",
    "money": 20,
    "interestRate": 1.46,
    "customerName": "萧静",
    "order": 3,
    "id": "1orafd061mg000",
    "date": "2016-5-18 21:15:35"
}, {
    "handleState": 0,
    "type": "信用贷",
    "serviceName": "张玲",
    "phone": "19888545179",
    "money": 16,
    "interestRate": 1.01,
    "customerName": "金杰",
    "order": 1,
    "id": "1orlf93oysg000",
    "date": "2018-10-5 16:55:3"
}, {
    "handleState": 4,
    "type": "房乐贷",
    "serviceName": "李家豪",
    "phone": "15914347265",
    "money": 19,
    "interestRate": 2.475,
    "customerName": "邓超",
    "order": 3,
    "id": "1orwf577vygw00",
    "date": "2017-2-23 22:24:44"
}, {
    "handleState": 3,
    "type": "押房贷",
    "serviceName": "张玲",
    "phone": "13855428432",
    "money": 10,
    "interestRate": 1.87,
    "customerName": "沈桂英",
    "order": 1,
    "id": "1os7f1aqt4gw00",
    "date": "2016-6-2 18:52:13"
}, {
    "handleState": 2,
    "type": "车乐贷",
    "serviceName": "李大维",
    "phone": "19835112221",
    "money": 10,
    "interestRate": 0.42,
    "customerName": "毛丽",
    "order": 1,
    "id": "1osic24bxvmo00",
    "date": "2018-3-25 23:2:22"
}, {
    "handleState": 4,
    "type": "房乐贷",
    "serviceName": "李小冉",
    "phone": "13513046265",
    "money": 1,
    "interestRate": 1.2,
    "customerName": "于艳",
    "order": 1,
    "id": "1ostby7uv1mo00",
    "date": "2018-2-28 1:46:48"
}, {
    "handleState": 2,
    "type": "信用贷",
    "serviceName": "李莉",
    "phone": "15377447871",
    "money": 11,
    "interestRate": 2.65,
    "customerName": "文艳",
    "order": 3,
    "id": "1ot4bubds7mo00",
    "date": "2016-7-17 4:34:2"
}, {
    "handleState": 3,
    "type": "房乐贷",
    "serviceName": "李大维",
    "phone": "15152265428",
    "money": 7,
    "interestRate": 1.833,
    "customerName": "侯涛",
    "order": 2,
    "id": "1otfbqewpdnk00",
    "date": "2018-12-2 3:12:15"
}, {
    "handleState": 0,
    "type": "押房贷",
    "serviceName": "李莉",
    "phone": "15085626464",
    "money": 18,
    "interestRate": 1.2,
    "customerName": "田艳",
    "order": 3,
    "id": "1otqbmifmjnk00",
    "date": "2016-6-10 2:37:39"
}, {
    "handleState": 3,
    "type": "房乐贷",
    "serviceName": "张玲",
    "phone": "13322325401",
    "money": 20,
    "interestRate": 2.427,
    "customerName": "吕勇",
    "order": 2,
    "id": "1ou1bilyjpnk00",
    "date": "2017-8-19 12:49:22"
}, {
    "handleState": 1,
    "type": "房乐贷",
    "serviceName": "张玲",
    "phone": "19769248491",
    "money": 5,
    "interestRate": 1.77,
    "customerName": "魏芳",
    "order": 3,
    "id": "1oucbephgvpc00",
    "date": "2018-4-5 11:55:4"
}, {
    "handleState": 4,
    "type": "押房贷",
    "serviceName": "李莉",
    "phone": "17141488258",
    "money": 16,
    "interestRate": 2.856,
    "customerName": "邵涛",
    "order": 2,
    "id": "1oun8fj2lmsg00",
    "date": "2018-11-17 22:34:22"
}, {
    "handleState": 3,
    "type": "房乐贷",
    "serviceName": "李小冉",
    "phone": "17635374355",
    "money": 12,
    "interestRate": 1.8,
    "customerName": "龚霞",
    "order": 1,
    "id": "1ouy8bmlistc00",
    "date": "2016-9-7 10:23:12"
}, {
    "handleState": 2,
    "type": "房乐贷",
    "serviceName": "李小冉",
    "phone": "13584838937",
    "money": 2,
    "interestRate": 1.82,
    "customerName": "范艳",
    "order": 2,
    "id": "1ov95cg6njxc00",
    "date": "2017-5-3 18:29:20"
}, {
    "handleState": 4,
    "type": "房乐贷",
    "serviceName": "李莉",
    "phone": "19216444343",
    "money": 17,
    "interestRate": 2.339,
    "customerName": "白超",
    "order": 2,
    "id": "1ovk2d9rsb1c00",
    "date": "2016-12-18 8:46:13"
}, {
    "handleState": 0,
    "type": "房乐贷",
    "serviceName": "李家豪",
    "phone": "17768186148",
    "money": 2,
    "interestRate": 2.1,
    "customerName": "邓平",
    "order": 1,
    "id": "1ovv29daph1c00",
    "date": "2017-6-2 3:29:52"
}, {
    "handleState": 3,
    "type": "押房贷",
    "serviceName": "张玲",
    "phone": "15713086528",
    "money": 17,
    "interestRate": 0.5,
    "customerName": "魏伟",
    "order": 1,
    "id": "1ow5za6vu84g00",
    "date": "2018-2-8 8:0:31"
}, {
    "handleState": 1,
    "type": "信用贷",
    "serviceName": "张玲",
    "phone": "19143675324",
    "money": 8,
    "interestRate": 0.57,
    "customerName": "高秀兰",
    "order": 3,
    "id": "1owgwb0gyz9c00",
    "date": "2018-5-25 14:12:7"
}, {
    "handleState": 3,
    "type": "押房贷",
    "serviceName": "李莉",
    "phone": "17170068624",
    "money": 1,
    "interestRate": 1.26,
    "customerName": "任霞",
    "order": 3,
    "id": "1owrw73zw59c00",
    "date": "2018-5-8 13:32:45"
}, {
    "handleState": 3,
    "type": "房乐贷",
    "serviceName": "李莉",
    "phone": "17943929677",
    "money": 1,
    "interestRate": 0.29,
    "customerName": "邹杰",
    "order": 2,
    "id": "1ox2t7xl0wdc00",
    "date": "2018-5-20 5:23:36"
}, {
    "handleState": 3,
    "type": "车乐贷",
    "serviceName": "李大维",
    "phone": "19052844095",
    "money": 10,
    "interestRate": 1.2,
    "customerName": "蒋敏",
    "order": 3,
    "id": "1oxdt413y2dc00",
    "date": "2018-7-24 13:4:2"
}, {
    "handleState": 3,
    "type": "押房贷",
    "serviceName": "张玲",
    "phone": "17515793535",
    "money": 6,
    "interestRate": 0.25,
    "customerName": "廖娟",
    "order": 3,
    "id": "1oxot04mv8f400",
    "date": "2019-4-16 1:27:39"
}, {
    "handleState": 3,
    "type": "押房贷",
    "serviceName": "李小冉",
    "phone": "13605307653",
    "money": 16,
    "interestRate": 1.492,
    "customerName": "高勇",
    "order": 3,
    "id": "1oxzsw85sef400",
    "date": "2018-7-29 11:7:55"
}, {
    "handleState": 4,
    "type": "押房贷",
    "serviceName": "李莉",
    "phone": "17418335727",
    "money": 3,
    "interestRate": 0.2,
    "customerName": "何超",
    "order": 1,
    "id": "1oyassbopkgw00",
    "date": "2018-2-28 7:15:2"
}, {
    "handleState": 3,
    "type": "押房贷",
    "serviceName": "李大维",
    "phone": "13311770771",
    "money": 20,
    "interestRate": 1.25,
    "customerName": "雷桂英",
    "order": 3,
    "id": "1oylsof7mqgw00",
    "date": "2018-9-30 18:41:50"
}, {
    "handleState": 3,
    "type": "押房贷",
    "serviceName": "李小冉",
    "phone": "15582454425",
    "money": 14,
    "interestRate": 1.177,
    "customerName": "郝秀兰",
    "order": 2,
    "id": "1oywskiqjwhs00",
    "date": "2018-7-23 2:48:32"
}, {
    "handleState": 3,
    "type": "信用贷",
    "serviceName": "李莉",
    "phone": "15835652447",
    "money": 9,
    "interestRate": 0.65,
    "customerName": "秦平",
    "order": 1,
    "id": "1oz7sgm9h2hs00",
    "date": "2016-11-5 4:45:52"
}, {
    "handleState": 4,
    "type": "押房贷",
    "serviceName": "张玲",
    "phone": "13256767709",
    "money": 13,
    "interestRate": 1.55,
    "customerName": "毛娟",
    "order": 2,
    "id": "1oziscpse8io00",
    "date": "2017-12-3 6:14:25"
}, {
    "handleState": 1,
    "type": "房乐贷",
    "serviceName": "李莉",
    "phone": "19834577357",
    "money": 18,
    "interestRate": 0.819,
    "customerName": "邵强",
    "order": 3,
    "id": "1ozts8tbbejk00",
    "date": "2018-3-10 4:7:54"
}, {
    "handleState": 0,
    "type": "押房贷",
    "serviceName": "张玲",
    "phone": "19299214115",
    "money": 7,
    "interestRate": 2.27,
    "customerName": "武芳",
    "order": 2,
    "id": "1p04s4wu8kjk00",
    "date": "2019-2-5 8:26:53"
}, {
    "handleState": 0,
    "type": "押房贷",
    "serviceName": "李莉",
    "phone": "15669817607",
    "money": 7,
    "interestRate": 1.4,
    "customerName": "薛芳",
    "order": 2,
    "id": "1p0fp5qfdbnk00",
    "date": "2016-5-13 17:28:10"
}, {
    "handleState": 3,
    "type": "押房贷",
    "serviceName": "李小冉",
    "phone": "15548766767",
    "money": 10,
    "interestRate": 2.25,
    "customerName": "康敏",
    "order": 2,
    "id": "1p0qp1tyahog00",
    "date": "2018-2-23 5:36:40"
}, {
    "handleState": 1,
    "type": "押房贷",
    "serviceName": "张玲",
    "phone": "13495607857",
    "money": 18,
    "interestRate": 1.26,
    "customerName": "王军",
    "order": 2,
    "id": "1p11oxxh7nog00",
    "date": "2018-9-5 6:0:14"
}, {
    "handleState": 3,
    "type": "房乐贷",
    "serviceName": "张玲",
    "phone": "17628172813",
    "money": 10,
    "interestRate": 1.688,
    "customerName": "孙芳",
    "order": 2,
    "id": "1p1clyr2cetc00",
    "date": "2016-9-3 6:27:53"
}, {
    "handleState": 4,
    "type": "押房贷",
    "serviceName": "张玲",
    "phone": "13268452424",
    "money": 13,
    "interestRate": 1.343,
    "customerName": "吕洋",
    "order": 2,
    "id": "1p1nizknh5xc00",
    "date": "2019-3-23 10:53:54"
}, {
    "handleState": 1,
    "type": "车乐贷",
    "serviceName": "李大维",
    "phone": "17625334416",
    "money": 10,
    "interestRate": 1.7,
    "customerName": "薛涛",
    "order": 3,
    "id": "1p1yivo6ebxc00",
    "date": "2017-8-20 4:44:2"
}, {
    "handleState": 1,
    "type": "押房贷",
    "serviceName": "张玲",
    "phone": "15327532528",
    "money": 11,
    "interestRate": 0.27,
    "customerName": "郭涛",
    "order": 2,
    "id": "1p29irrpbhy800",
    "date": "2017-7-26 22:7:45"
}, {
    "handleState": 4,
    "type": "押房贷",
    "serviceName": "李大维",
    "phone": "15839696388",
    "money": 1,
    "interestRate": 2.4,
    "customerName": "邹霞",
    "order": 1,
    "id": "1p2kinv88nz400",
    "date": "2018-3-13 14:11:13"
}, {
    "handleState": 2,
    "type": "房乐贷",
    "serviceName": "李小冉",
    "phone": "13536876741",
    "money": 9,
    "interestRate": 1.5,
    "customerName": "梁艳",
    "order": 1,
    "id": "1p2vijyr5tz400",
    "date": "2017-5-23 19:52:24"
}, {
    "handleState": 2,
    "type": "车乐贷",
    "serviceName": "张玲",
    "phone": "19454831444",
    "money": 15,
    "interestRate": 2.368,
    "customerName": "邵洋",
    "order": 3,
    "id": "1p36ig2a2zz400",
    "date": "2018-8-7 2:20:32"
}, {
    "handleState": 3,
    "type": "押房贷",
    "serviceName": "张玲",
    "phone": "15064744985",
    "money": 12,
    "interestRate": 1.8,
    "customerName": "龙强",
    "order": 1,
    "id": "1p3hfgvv7r4000",
    "date": "2019-5-11 7:42:55"
}, {
    "handleState": 2,
    "type": "信用贷",
    "serviceName": "李小冉",
    "phone": "17331797985",
    "money": 18,
    "interestRate": 1.6,
    "customerName": "石娟",
    "order": 2,
    "id": "1p3sfcze4x4000",
    "date": "2017-2-22 2:2:30"
}, {
    "handleState": 1,
    "type": "车乐贷",
    "serviceName": "李莉",
    "phone": "17572188694",
    "money": 12,
    "interestRate": 1.865,
    "customerName": "谭敏",
    "order": 2,
    "id": "1p43f92x234w00",
    "date": "2017-7-11 0:41:28"
}, {
    "handleState": 2,
    "type": "房乐贷",
    "serviceName": "李小冉",
    "phone": "13675944604",
    "money": 7,
    "interestRate": 2.453,
    "customerName": "邵勇",
    "order": 3,
    "id": "1p4ef56fz96o00",
    "date": "2019-3-10 5:23:39"
}, {
    "handleState": 3,
    "type": "押房贷",
    "serviceName": "李家豪",
    "phone": "13566862785",
    "money": 16,
    "interestRate": 1.53,
    "customerName": "萧秀英",
    "order": 3,
    "id": "1p4pf19ywf6o00",
    "date": "2017-8-16 7:24:52"
}, {
    "handleState": 2,
    "type": "房乐贷",
    "serviceName": "李大维",
    "phone": "13802275813",
    "money": 14,
    "interestRate": 0.22,
    "customerName": "方静",
    "order": 3,
    "id": "1p50exdhtl6o00",
    "date": "2017-4-29 3:58:8"
}, {
    "handleState": 2,
    "type": "押房贷",
    "serviceName": "李小冉",
    "phone": "17257221937",
    "money": 19,
    "interestRate": 1.39,
    "customerName": "雷刚",
    "order": 2,
    "id": "1p5beth0qr8g00",
    "date": "2016-7-24 10:25:21"
}, {
    "handleState": 1,
    "type": "信用贷",
    "serviceName": "李小冉",
    "phone": "19433257132",
    "money": 11,
    "interestRate": 1.448,
    "customerName": "张娜",
    "order": 2,
    "id": "1p5mepkjnx8g00",
    "date": "2019-1-25 18:28:3"
}, {
    "handleState": 3,
    "type": "房乐贷",
    "serviceName": "李小冉",
    "phone": "15261882676",
    "money": 5,
    "interestRate": 1.1,
    "customerName": "卢刚",
    "order": 1,
    "id": "1p5xelo2l38g00",
    "date": "2018-9-17 9:50:10"
}, {
    "handleState": 1,
    "type": "信用贷",
    "serviceName": "李小冉",
    "phone": "13647915455",
    "money": 17,
    "interestRate": 1.66,
    "customerName": "沈涛",
    "order": 1,
    "id": "1p68ehrli9a800",
    "date": "2016-9-10 3:30:33"
}, {
    "handleState": 1,
    "type": "押房贷",
    "serviceName": "李莉",
    "phone": "17742652244",
    "money": 5,
    "interestRate": 0.35,
    "customerName": "沈平",
    "order": 1,
    "id": "1p6jedv4ffa800",
    "date": "2018-3-19 11:28:25"
}]