[{"username":"admin","pwd":"123456","isadmin":"1"},{"username":"rypy","pwd":"123456","isadmin":"0"},{"username":"admin1","pwd":"123456","isadmin":"1"},{"username":"rypy1","pwd":"123456","isadmin":"0"},{"username":"rypy1","pwd":"123456","isadmin":"0"},{"username":"lx","pwd":"123123","isadmin":"0"},{"username":"rxzz","pwd":"123","isadmin":"0"},{"username":"rxzz","pwd":"123","isadmin":"0"},{"username":"123123","pwd":"123123","isadmin":"0"},{"username":"1231231","pwd":"123123","isadmin":"0"},{"username":"1231231231","pwd":"123123123","isadmin":"0"},{"username":"1231231231","pwd":"123123123","isadmin":"0"},{"username":"123123123","pwd":"123123123","isadmin":"0"},{"username":"123123123","pwd":"123123123","isadmin":"0"},{"username":"erterewerw","pwd":"123123123","isadmin":"0"},{"username":"admin2","pwd":"123123123","isadmin":"0"},{"username":"admin2","pwd":"123123123","isadmin":"0"},{"username":"rypy87","pwd":"13213123","isadmin":"0"},{"username":"asdfasdfasdfas","pwd":"adfasdfaf","isadmin":"0"},{"username":"admin6","pwd":"123","isadmin":"0"},{"username":"admin7","pwd":"123","isadmin":"0"},{"username":"admin8","pwd":"123","isadmin":"0"},{"username":"admin9","pwd":"123","isadmin":"0"},{"username":"admin10","pwd":"123","isadmin":"0"}]